Class,Number of commentsComment,Number of line comments,Number of Block comments,Number of Javadoc comments,Number of Licence comments,Number of comments in methode,Number of method comments,Number of class comments
/core/src/com/google/inject/AbstractModule.java,27,0,1,26,1,0,25,1
/core/src/com/google/inject/binder/AnnotatedBindingBuilder.java,4,0,1,3,1,0,2,1
/core/src/com/google/inject/binder/AnnotatedConstantBindingBuilder.java,4,0,1,3,1,0,2,1
/core/src/com/google/inject/binder/AnnotatedElementBuilder.java,4,0,1,3,1,0,2,1
/core/src/com/google/inject/binder/ConstantBindingBuilder.java,13,0,1,12,1,0,11,1
/core/src/com/google/inject/binder/LinkedBindingBuilder.java,13,0,1,12,1,0,11,1
/core/src/com/google/inject/binder/package-info.java,2,0,1,1,1,0,0,1
/core/src/com/google/inject/binder/ScopedBindingBuilder.java,5,0,1,4,1,0,3,1
/core/src/com/google/inject/Binder.java,32,0,1,31,1,0,30,1
/core/src/com/google/inject/Binding.java,6,0,1,5,1,0,4,1
/core/src/com/google/inject/BindingAnnotation.java,2,0,1,1,1,0,0,1
/core/src/com/google/inject/ConfigurationException.java,7,1,1,5,1,1,4,1
/core/src/com/google/inject/CreationException.java,4,0,1,3,1,0,2,1
/core/src/com/google/inject/Exposed.java,2,0,1,1,1,0,0,1
/core/src/com/google/inject/Guice.java,6,0,1,5,1,0,4,1
/core/src/com/google/inject/ImplementedBy.java,3,0,1,2,1,1,0,1
/core/src/com/google/inject/Inject.java,3,0,1,2,1,1,0,1
/core/src/com/google/inject/Injector.java,22,0,1,21,1,0,20,1
/core/src/com/google/inject/internal/AbstractBindingBuilder.java,9,1,1,7,1,1,6,1
/core/src/com/google/inject/internal/AbstractBindingProcessor.java,15,9,1,5,1,6,5,3
/core/src/com/google/inject/internal/AbstractProcessor.java,2,0,1,1,1,0,0,1
/core/src/com/google/inject/internal/Annotations.java,30,6,1,23,1,4,22,3
/core/src/com/google/inject/internal/aop/AbstractGlueGenerator.java,19,7,1,11,1,7,10,1
/core/src/com/google/inject/internal/aop/AnonymousClassDefiner.java,3,1,1,1,1,1,0,1
/core/src/com/google/inject/internal/aop/BytecodeTasks.java,9,1,1,7,1,1,6,1
/core/src/com/google/inject/internal/aop/ChildClassDefiner.java,8,3,1,4,1,1,5,1
/core/src/com/google/inject/internal/aop/ClassBuilding.java,45,25,1,19,1,25,18,1
/core/src/com/google/inject/internal/aop/ClassDefiner.java,3,0,1,2,1,0,1,1
/core/src/com/google/inject/internal/aop/ClassDefining.java,12,5,1,6,1,4,6,1
/core/src/com/google/inject/internal/aop/Enhancer.java,21,14,1,6,1,13,6,1
/core/src/com/google/inject/internal/aop/EnhancerBuilderImpl.java,3,0,1,2,1,0,1,1
/core/src/com/google/inject/internal/aop/FastClass.java,13,10,1,2,1,10,1,1
/core/src/com/google/inject/internal/aop/GeneratedClassDefiner.java,2,0,1,1,1,0,0,1
/core/src/com/google/inject/internal/aop/GlueException.java,2,0,1,1,1,0,0,1
/core/src/com/google/inject/internal/aop/HiddenClassDefiner.java,4,1,1,2,1,1,1,1
/core/src/com/google/inject/internal/aop/ImmutableStringTrie.java,33,20,1,12,1,20,11,1
/core/src/com/google/inject/internal/aop/MethodPartition.java,32,24,1,7,1,24,6,1
/core/src/com/google/inject/internal/aop/UnsafeClassDefiner.java,13,5,1,7,1,3,8,1
/core/src/com/google/inject/internal/aop/UnsafeGetter.java,3,2,1,0,1,2,0,0
/core/src/com/google/inject/internal/BindingAlreadySetError.java,1,0,0,1,0,0,0,1
/core/src/com/google/inject/internal/BindingBuilder.java,4,2,1,1,1,2,0,1
/core/src/com/google/inject/internal/BindingImpl.java,3,0,1,2,1,0,1,1
/core/src/com/google/inject/internal/BindingProcessor.java,16,11,3,2,1,14,0,1
/core/src/com/google/inject/internal/BoundProviderFactory.java,2,0,1,1,1,0,0,1
/core/src/com/google/inject/internal/BytecodeGen.java,16,1,1,14,1,1,13,1
/core/src/com/google/inject/internal/ChildBindingAlreadySetError.java,6,3,1,2,0,4,1,1
/core/src/com/google/inject/internal/ConstantBindingBuilderImpl.java,4,2,1,1,1,2,0,1
/core/src/com/google/inject/internal/ConstantFactory.java,2,0,1,1,1,0,0,1
/core/src/com/google/inject/internal/ConstructionContext.java,6,4,1,1,1,4,0,1
/core/src/com/google/inject/internal/ConstructionProxy.java,6,0,1,5,1,0,4,1
/core/src/com/google/inject/internal/ConstructionProxyFactory.java,3,0,1,2,1,0,1,1
/core/src/com/google/inject/internal/ConstructorBindingImpl.java,15,10,1,4,1,10,4,0
/core/src/com/google/inject/internal/ConstructorInjector.java,10,6,1,3,1,6,2,1
/core/src/com/google/inject/internal/ConstructorInjectorStore.java,6,1,1,4,1,1,3,1
/core/src/com/google/inject/internal/CreationListener.java,3,0,1,2,1,0,1,1
/core/src/com/google/inject/internal/CycleDetectingLock.java,53,37,0,16,0,37,15,1
/core/src/com/google/inject/internal/DeclaredMembers.java,3,1,1,1,1,1,0,1
/core/src/com/google/inject/internal/DefaultConstructionProxyFactory.java,9,4,2,3,1,5,2,1
/core/src/com/google/inject/internal/DeferredLookups.java,3,0,1,2,1,0,1,1
/core/src/com/google/inject/internal/DelayedInitialize.java,3,0,1,2,1,0,1,1
/core/src/com/google/inject/internal/DelegatingInvocationHandler.java,5,4,1,0,1,4,0,0
/core/src/com/google/inject/internal/DuplicateElementError.java,10,8,0,2,0,9,0,1
/core/src/com/google/inject/internal/DuplicateMapKeyError.java,2,0,0,2,0,1,0,1
/core/src/com/google/inject/internal/Element.java,2,0,1,1,1,0,0,1
/core/src/com/google/inject/internal/EncounterImpl.java,6,4,1,1,1,1,3,1
/core/src/com/google/inject/internal/ErrorFormatter.java,3,0,0,3,0,0,2,1
/core/src/com/google/inject/internal/ErrorHandler.java,4,0,1,3,1,0,2,1
/core/src/com/google/inject/internal/ErrorId.java,2,1,0,1,0,1,0,1
/core/src/com/google/inject/internal/Errors.java,20,7,3,10,1,2,15,2
/core/src/com/google/inject/internal/ErrorsException.java,4,2,1,1,1,0,0,3
/core/src/com/google/inject/internal/ExposedBindingImpl.java,3,2,1,0,1,0,0,2
/core/src/com/google/inject/internal/ExposedKeyFactory.java,6,4,1,1,1,4,0,1
/core/src/com/google/inject/internal/ExposureBuilder.java,2,0,1,1,1,0,0,1
/core/src/com/google/inject/internal/FactoryProxy.java,2,0,1,1,1,0,0,1
/core/src/com/google/inject/internal/FailableCache.java,4,2,1,1,1,2,0,1
/core/src/com/google/inject/internal/GenericErrorDetail.java,2,0,1,1,0,1,0,1
/core/src/com/google/inject/internal/GuiceInternal.java,1,0,0,1,0,0,0,1
/core/src/com/google/inject/internal/Indexer.java,2,0,1,1,1,0,0,1
/core/src/com/google/inject/internal/Initializable.java,3,0,1,2,1,0,1,1
/core/src/com/google/inject/internal/Initializables.java,3,0,1,2,1,0,1,1
/core/src/com/google/inject/internal/Initializer.java,38,28,1,9,1,28,8,1
/core/src/com/google/inject/internal/InjectionRequestProcessor.java,12,7,3,2,1,8,2,1
/core/src/com/google/inject/internal/InjectorBindingData.java,7,4,1,2,1,1,4,1
/core/src/com/google/inject/internal/InjectorImpl.java,144,110,2,32,1,114,28,1
/core/src/com/google/inject/internal/InjectorJitBindingData.java,11,3,0,8,0,0,9,2
/core/src/com/google/inject/internal/InjectorOptionsProcessor.java,2,0,1,1,1,0,0,1
/core/src/com/google/inject/internal/InjectorShell.java,21,14,1,6,1,13,6,1
/core/src/com/google/inject/internal/InstanceBindingImpl.java,2,1,1,0,1,1,0,0
/core/src/com/google/inject/internal/InterceptorBindingProcessor.java,2,0,1,1,1,0,0,1
/core/src/com/google/inject/internal/InterceptorStackCallback.java,3,0,1,2,1,0,1,1
/core/src/com/google/inject/internal/InternalClassesToSkipSources.java,2,0,1,1,1,0,0,1
/core/src/com/google/inject/internal/InternalContext.java,8,0,1,7,1,0,6,1
/core/src/com/google/inject/internal/InternalErrorDetail.java,2,1,0,1,0,0,1,1
/core/src/com/google/inject/internal/InternalFactory.java,3,0,1,2,1,0,1,1
/core/src/com/google/inject/internal/InternalFactoryToInitializableAdapter.java,2,0,1,1,1,0,0,1
/core/src/com/google/inject/internal/InternalFactoryToProviderAdapter.java,7,5,1,1,1,5,0,1
/core/src/com/google/inject/internal/InternalFlags.java,20,0,1,19,1,11,7,1
/core/src/com/google/inject/internal/InternalInjectorCreator.java,19,11,1,7,1,11,6,1
/core/src/com/google/inject/internal/InternalProviderInstanceBindingImpl.java,12,4,0,8,0,6,5,1
/core/src/com/google/inject/internal/InternalProvisionException.java,16,11,1,4,1,11,3,1
/core/src/com/google/inject/internal/KotlinSupport.java,3,2,0,1,0,1,1,1
/core/src/com/google/inject/internal/KotlinSupportInterface.java,8,0,0,8,0,0,7,1
/core/src/com/google/inject/internal/LinkedBindingImpl.java,1,0,1,0,1,0,0,0
/core/src/com/google/inject/internal/LinkedProviderBindingImpl.java,1,0,1,0,1,0,0,0
/core/src/com/google/inject/internal/ListenerBindingProcessor.java,2,0,1,1,1,0,0,1
/core/src/com/google/inject/internal/LookupProcessor.java,5,3,1,1,1,3,0,1
/core/src/com/google/inject/internal/Lookups.java,2,0,1,1,1,0,0,1
/core/src/com/google/inject/internal/MembersInjectorImpl.java,19,17,1,1,1,15,1,2
/core/src/com/google/inject/internal/MembersInjectorStore.java,9,2,1,6,1,2,5,1
/core/src/com/google/inject/internal/MessageProcessor.java,2,0,1,1,1,0,0,1
/core/src/com/google/inject/internal/Messages.java,18,8,1,9,1,8,8,1
/core/src/com/google/inject/internal/MethodAspect.java,3,0,1,2,1,0,1,1
/core/src/com/google/inject/internal/MissingConstructorError.java,2,1,0,1,0,1,0,1
/core/src/com/google/inject/internal/MissingImplementationError.java,4,2,0,2,0,2,1,1
/core/src/com/google/inject/internal/MissingImplementationErrorHints.java,23,18,1,4,1,18,3,1
/core/src/com/google/inject/internal/ModuleAnnotatedMethodScannerProcessor.java,2,0,1,1,1,0,0,1
/core/src/com/google/inject/internal/MoreTypes.java,37,24,1,12,1,24,11,1
/core/src/com/google/inject/internal/Nullability.java,3,0,1,2,1,0,1,1
/core/src/com/google/inject/internal/package-info.java,2,0,1,1,1,0,0,1
/core/src/com/google/inject/internal/PackageNameCompressor.java,52,47,1,4,1,36,5,10
/core/src/com/google/inject/internal/PrivateElementProcessor.java,2,0,1,1,1,0,0,1
/core/src/com/google/inject/internal/PrivateElementsImpl.java,7,2,2,3,1,2,2,2
/core/src/com/google/inject/internal/ProcessedBindingData.java,5,0,1,4,1,0,3,1
/core/src/com/google/inject/internal/ProvidedByInternalFactory.java,3,1,1,1,1,1,0,1
/core/src/com/google/inject/internal/ProviderInstanceBindingImpl.java,1,0,1,0,1,0,0,0
/core/src/com/google/inject/internal/ProviderInternalFactory.java,6,3,1,2,1,3,1,1
/core/src/com/google/inject/internal/ProviderMethod.java,20,11,2,7,1,11,7,1
/core/src/com/google/inject/internal/ProviderMethodsModule.java,33,25,1,7,1,25,6,1
/core/src/com/google/inject/internal/ProviderToInternalFactoryAdapter.java,6,3,1,2,1,3,1,1
/core/src/com/google/inject/internal/ProvidesMethodScanner.java,7,5,1,1,1,5,0,1
/core/src/com/google/inject/internal/ProvisionListenerCallbackStore.java,12,6,1,5,1,4,5,2
/core/src/com/google/inject/internal/ProvisionListenerStackCallback.java,8,5,2,1,1,5,1,1
/core/src/com/google/inject/internal/ProxyFactory.java,10,6,1,3,1,6,2,1
/core/src/com/google/inject/internal/RealElement.java,3,1,1,1,2,0,0,1
/core/src/com/google/inject/internal/RealMapBinder.java,113,91,0,22,0,83,25,5
/core/src/com/google/inject/internal/RealMultibinder.java,55,46,1,8,0,40,13,2
/core/src/com/google/inject/internal/RealOptionalBinder.java,75,54,4,17,1,49,24,1
/core/src/com/google/inject/internal/ScopeBindingProcessor.java,4,2,1,1,1,2,0,1
/core/src/com/google/inject/internal/ScopeNotFoundError.java,1,0,0,1,0,0,0,1
/core/src/com/google/inject/internal/Scoping.java,15,4,1,10,1,4,9,1
/core/src/com/google/inject/internal/SingleFieldInjector.java,4,2,1,1,1,2,0,1
/core/src/com/google/inject/internal/SingleMemberInjector.java,2,0,1,1,1,0,0,1
/core/src/com/google/inject/internal/SingleMethodInjector.java,5,2,2,1,1,3,0,1
/core/src/com/google/inject/internal/SingleParameterInjector.java,5,2,1,2,1,1,1,2
/core/src/com/google/inject/internal/SingletonScope.java,43,33,0,10,0,38,3,2
/core/src/com/google/inject/internal/SourceFormatter.java,6,4,0,2,0,4,1,1
/core/src/com/google/inject/internal/TypeConverterBindingProcessor.java,5,2,1,2,1,2,1,1
/core/src/com/google/inject/internal/UniqueAnnotations.java,4,0,2,2,1,1,1,1
/core/src/com/google/inject/internal/UntargettedBindingImpl.java,1,0,1,0,1,0,0,0
/core/src/com/google/inject/internal/UntargettedBindingProcessor.java,7,5,1,1,1,5,0,1
/core/src/com/google/inject/internal/util/CallerFinder.java,1,0,0,1,0,0,0,1
/core/src/com/google/inject/internal/util/Classes.java,4,0,1,3,1,0,2,1
/core/src/com/google/inject/internal/util/ContinuousStopwatch.java,5,0,1,4,1,0,3,1
/core/src/com/google/inject/internal/util/DirectStackWalkerFinder.java,1,0,0,1,0,0,0,1
/core/src/com/google/inject/internal/util/LineNumbers.java,12,6,1,5,1,6,4,1
/core/src/com/google/inject/internal/util/NewThrowableFinder.java,1,0,0,1,0,0,0,1
/core/src/com/google/inject/internal/util/SourceProvider.java,8,0,1,7,1,0,6,1
/core/src/com/google/inject/internal/util/StackTraceElements.java,6,0,1,5,1,0,4,1
/core/src/com/google/inject/internal/WeakKeySet.java,9,5,1,3,1,5,2,1
/core/src/com/google/inject/Key.java,43,11,2,30,1,5,32,5
/core/src/com/google/inject/matcher/AbstractMatcher.java,5,3,1,1,1,0,0,4
/core/src/com/google/inject/matcher/Matcher.java,5,0,1,4,1,0,3,1
/core/src/com/google/inject/matcher/Matchers.java,12,0,1,11,1,0,10,1
/core/src/com/google/inject/matcher/package-info.java,2,0,1,1,1,0,0,1
/core/src/com/google/inject/MembersInjector.java,3,0,1,2,1,0,1,1
/core/src/com/google/inject/Module.java,3,0,1,2,1,0,1,1
/core/src/com/google/inject/multibindings/ClassMapKey.java,2,0,1,1,1,0,0,1
/core/src/com/google/inject/multibindings/MapBinder.java,12,2,1,9,1,0,8,3
/core/src/com/google/inject/multibindings/MapBinderBinding.java,10,0,1,9,1,0,8,1
/core/src/com/google/inject/multibindings/MapKey.java,3,0,1,2,1,1,0,1
/core/src/com/google/inject/multibindings/Multibinder.java,13,2,1,10,1,0,9,3
/core/src/com/google/inject/multibindings/MultibinderBinding.java,8,0,1,7,1,0,6,1
/core/src/com/google/inject/multibindings/MultibindingsScanner.java,4,0,1,3,1,0,2,1
/core/src/com/google/inject/multibindings/MultibindingsTargetVisitor.java,5,0,1,4,1,0,3,1
/core/src/com/google/inject/multibindings/OptionalBinder.java,6,2,1,3,1,0,2,3
/core/src/com/google/inject/multibindings/OptionalBinderBinding.java,7,0,1,6,1,0,5,1
/core/src/com/google/inject/multibindings/package-info.java,2,0,1,1,1,0,0,1
/core/src/com/google/inject/multibindings/ProvidesIntoMap.java,2,0,1,1,1,0,0,1
/core/src/com/google/inject/multibindings/ProvidesIntoOptional.java,6,0,1,5,1,4,0,1
/core/src/com/google/inject/multibindings/ProvidesIntoSet.java,2,0,1,1,1,0,0,1
/core/src/com/google/inject/multibindings/StringMapKey.java,2,0,1,1,1,0,0,1
/core/src/com/google/inject/name/Named.java,2,0,1,1,1,0,0,1
/core/src/com/google/inject/name/NamedImpl.java,2,1,1,0,1,1,0,0
/core/src/com/google/inject/name/Names.java,6,1,1,4,1,1,3,1
/core/src/com/google/inject/name/package-info.java,2,0,1,1,1,0,0,1
/core/src/com/google/inject/OutOfScopeException.java,2,0,1,1,1,0,0,1
/core/src/com/google/inject/package-info.java,2,0,1,1,1,0,0,1
/core/src/com/google/inject/PrivateBinder.java,5,0,1,4,1,0,3,1
/core/src/com/google/inject/PrivateModule.java,32,2,1,29,1,1,28,2
/core/src/com/google/inject/ProvidedBy.java,3,0,1,2,1,1,0,1
/core/src/com/google/inject/Provider.java,3,0,1,2,1,0,1,1
/core/src/com/google/inject/Provides.java,2,0,1,1,1,0,0,1
/core/src/com/google/inject/ProvisionException.java,4,0,1,3,1,0,2,1
/core/src/com/google/inject/RestrictedBindingSource.java,6,0,0,6,0,5,0,1
/core/src/com/google/inject/Scope.java,4,0,1,3,1,0,2,1
/core/src/com/google/inject/ScopeAnnotation.java,2,0,1,1,1,0,0,1
/core/src/com/google/inject/Scopes.java,7,0,1,6,1,0,5,1
/core/src/com/google/inject/Singleton.java,2,0,1,1,1,0,0,1
/core/src/com/google/inject/spi/BindingScopingVisitor.java,6,0,1,5,1,0,4,1
/core/src/com/google/inject/spi/BindingSourceRestriction.java,27,15,1,11,0,13,13,1
/core/src/com/google/inject/spi/BindingTargetVisitor.java,11,0,1,10,1,0,9,1
/core/src/com/google/inject/spi/ConstructorBinding.java,5,0,1,4,1,0,3,1
/core/src/com/google/inject/spi/ConvertedConstantBinding.java,6,0,1,5,1,0,4,1
/core/src/com/google/inject/spi/DefaultBindingScopingVisitor.java,3,0,1,2,1,0,1,1
/core/src/com/google/inject/spi/DefaultBindingTargetVisitor.java,4,1,1,2,1,1,1,1
/core/src/com/google/inject/spi/DefaultElementVisitor.java,3,0,1,2,1,0,1,1
/core/src/com/google/inject/spi/Dependency.java,8,0,1,7,1,0,6,1
/core/src/com/google/inject/spi/DisableCircularProxiesOption.java,2,0,1,1,1,0,0,1
/core/src/com/google/inject/spi/Element.java,5,0,1,4,1,0,3,1
/core/src/com/google/inject/spi/Elements.java,55,32,7,16,1,36,15,3
/core/src/com/google/inject/spi/ElementSource.java,12,0,1,11,1,0,10,1
/core/src/com/google/inject/spi/ElementVisitor.java,19,0,1,18,1,0,17,1
/core/src/com/google/inject/spi/ErrorDetail.java,8,1,0,7,0,1,6,1
/core/src/com/google/inject/spi/ExposedBinding.java,4,0,1,3,1,0,2,1
/core/src/com/google/inject/spi/HasDependencies.java,3,0,1,2,1,0,1,1
/core/src/com/google/inject/spi/InjectionListener.java,3,0,1,2,1,0,1,1
/core/src/com/google/inject/spi/InjectionPoint.java,53,21,3,29,1,21,30,1
/core/src/com/google/inject/spi/InjectionRequest.java,4,0,1,3,1,0,2,1
/core/src/com/google/inject/spi/InstanceBinding.java,4,0,1,3,1,0,2,1
/core/src/com/google/inject/spi/InterceptorBinding.java,2,0,1,1,1,0,0,1
/core/src/com/google/inject/spi/LinkedKeyBinding.java,3,0,1,2,1,0,1,1
/core/src/com/google/inject/spi/MembersInjectorLookup.java,7,0,1,6,1,0,5,1
/core/src/com/google/inject/spi/Message.java,14,0,1,13,1,0,12,1
/core/src/com/google/inject/spi/ModuleAnnotatedMethodScanner.java,5,0,1,4,1,0,3,1
/core/src/com/google/inject/spi/ModuleAnnotatedMethodScannerBinding.java,2,0,1,1,1,0,0,1
/core/src/com/google/inject/spi/ModuleSource.java,13,0,1,12,1,0,11,1
/core/src/com/google/inject/spi/package-info.java,2,0,1,1,1,0,0,1
/core/src/com/google/inject/spi/PrivateElements.java,6,0,1,5,1,0,4,1
/core/src/com/google/inject/spi/ProviderBinding.java,3,0,1,2,1,0,1,1
/core/src/com/google/inject/spi/ProviderInstanceBinding.java,5,0,1,4,1,0,3,1
/core/src/com/google/inject/spi/ProviderKeyBinding.java,3,0,1,2,1,0,1,1
/core/src/com/google/inject/spi/ProviderLookup.java,9,2,1,6,1,2,5,1
/core/src/com/google/inject/spi/ProviderWithDependencies.java,2,0,1,1,1,0,0,1
/core/src/com/google/inject/spi/ProviderWithExtensionVisitor.java,3,0,1,2,1,0,1,1
/core/src/com/google/inject/spi/ProvidesMethodBinding.java,6,0,1,5,1,0,4,1
/core/src/com/google/inject/spi/ProvidesMethodTargetVisitor.java,3,0,1,2,1,0,1,1
/core/src/com/google/inject/spi/ProvisionListener.java,6,0,1,5,1,0,4,1
/core/src/com/google/inject/spi/ProvisionListenerBinding.java,4,0,1,3,1,0,2,1
/core/src/com/google/inject/spi/RequireAtInjectOnConstructorsOption.java,2,0,1,1,1,0,0,1
/core/src/com/google/inject/spi/RequireExactBindingAnnotationsOption.java,2,0,1,1,1,0,0,1
/core/src/com/google/inject/spi/RequireExplicitBindingsOption.java,2,0,1,1,1,0,0,1
/core/src/com/google/inject/spi/ScopeBinding.java,2,0,1,1,1,0,0,1
/core/src/com/google/inject/spi/StaticInjectionRequest.java,3,0,1,2,1,0,1,1
/core/src/com/google/inject/spi/Toolable.java,2,0,1,1,1,0,0,1
/core/src/com/google/inject/spi/TypeConverter.java,3,0,1,2,1,0,1,1
/core/src/com/google/inject/spi/TypeConverterBinding.java,3,0,1,2,1,0,1,1
/core/src/com/google/inject/spi/TypeEncounter.java,12,0,1,11,1,0,10,1
/core/src/com/google/inject/spi/TypeListener.java,3,0,1,2,1,0,1,1
/core/src/com/google/inject/spi/TypeListenerBinding.java,4,0,1,3,1,0,2,1
/core/src/com/google/inject/spi/UntargettedBinding.java,2,0,1,1,1,0,0,1
/core/src/com/google/inject/Stage.java,5,0,1,4,1,3,0,1
/core/src/com/google/inject/TypeLiteral.java,21,3,1,17,1,3,16,1
/core/src/com/google/inject/util/Enhanced.java,4,0,1,3,1,0,2,1
/core/src/com/google/inject/util/Modules.java,30,13,1,16,1,11,17,1
/core/src/com/google/inject/util/package-info.java,2,0,1,1,1,0,0,1
/core/src/com/google/inject/util/Providers.java,6,1,1,4,1,1,3,1
/core/src/com/google/inject/util/Types.java,14,1,1,12,1,0,11,2
/core/test/com/google/inject/AllTests.java,10,8,1,1,1,8,0,1
/core/test/com/google/inject/Asserts.java,19,7,2,10,1,7,9,2
/core/test/com/google/inject/BinderTest.java,23,13,2,8,1,7,7,8
/core/test/com/google/inject/BinderTestSuite.java,6,1,1,4,1,1,3,1
/core/test/com/google/inject/BindingAnnotationTest.java,4,0,3,1,1,2,0,1
/core/test/com/google/inject/BindingOrderTest.java,3,1,1,1,2,1,0,0
/core/test/com/google/inject/BindingTest.java,23,20,1,2,1,20,1,1
/core/test/com/google/inject/BoundInstanceInjectionTest.java,2,0,1,1,1,0,0,1
/core/test/com/google/inject/BoundProviderTest.java,2,0,1,1,1,0,0,1
/core/test/com/google/inject/CircularDependencyTest.java,17,12,1,4,1,12,3,1
/core/test/com/google/inject/DefaultMethodInterceptionTest.java,13,5,1,7,1,2,9,1
/core/test/com/google/inject/DuplicateBindingsTest.java,32,30,1,1,1,30,0,1
/core/test/com/google/inject/EagerSingletonTest.java,22,19,1,2,1,16,1,4
/core/test/com/google/inject/errors/BindingAlreadySetErrorTest.java,1,1,0,0,0,1,0,0
/core/test/com/google/inject/errors/ChildBindingAlreadySetErrorTest.java,6,6,0,0,0,2,4,0
/core/test/com/google/inject/errors/DuplicateElementErrorTest.java,3,3,0,0,0,3,0,0
/core/test/com/google/inject/errors/DuplicateMapKeyErrorTest.java,2,2,0,0,0,2,0,0
/core/test/com/google/inject/errors/ErrorMessagesTest.java,3,3,0,0,0,3,0,0
/core/test/com/google/inject/errors/ErrorMessageTestUtils.java,3,2,0,1,0,2,1,0
/core/test/com/google/inject/errors/GenericErrorTest.java,1,1,0,0,0,1,0,0
/core/test/com/google/inject/errors/MissingConstructorErrorTest.java,1,1,0,0,0,1,0,0
/core/test/com/google/inject/errors/MissingImplementationErrorTest.java,13,13,0,0,0,11,2,0
/core/test/com/google/inject/errors/NullInjectedIntoNonNullableTest.java,0,0,0,0,0,0,0,0
/core/test/com/google/inject/errors/ScopeNotFoundErrorTest.java,1,1,0,0,0,1,0,0
/core/test/com/google/inject/example/ClientServiceWithDependencyInjection.java,4,2,1,1,1,1,0,2
/core/test/com/google/inject/example/ClientServiceWithFactories.java,4,2,1,1,1,1,0,2
/core/test/com/google/inject/example/ClientServiceWithGuice.java,4,2,1,1,1,1,0,2
/core/test/com/google/inject/example/ClientServiceWithGuiceDefaults.java,4,2,1,1,1,1,0,2
/core/test/com/google/inject/example/JndiProvider.java,2,0,1,1,1,0,1,0
/core/test/com/google/inject/example/JndiProviderClient.java,3,2,1,0,1,2,0,0
/core/test/com/google/inject/GenericInjectionTest.java,4,1,1,2,1,1,1,1
/core/test/com/google/inject/ImplicitBindingJdkPackagePrivateTest.java,3,1,1,1,1,1,0,1
/core/test/com/google/inject/ImplicitBindingTest.java,23,18,1,4,1,15,5,2
/core/test/com/google/inject/InjectorTest.java,3,1,1,1,2,1,0,0
/core/test/com/google/inject/IntegrationTest.java,2,0,1,1,1,0,0,1
/core/test/com/google/inject/internal/aop/ImmutableStringTrieTest.java,3,1,1,1,1,1,0,1
/core/test/com/google/inject/internal/Collector.java,1,0,1,0,1,0,0,0
/core/test/com/google/inject/internal/CycleDetectingLockTest.java,13,10,0,3,0,7,1,5
/core/test/com/google/inject/internal/InternalProvisionExceptionTest.java,2,1,1,0,1,1,0,0
/core/test/com/google/inject/internal/MapBinderTest.java,78,63,1,14,1,61,14,2
/core/test/com/google/inject/internal/MessagesTest.java,0,0,0,0,0,0,0,0
/core/test/com/google/inject/internal/MoreTypesTest.java,2,0,1,1,1,0,0,1
/core/test/com/google/inject/internal/MultibinderTest.java,72,57,3,12,1,53,16,2
/core/test/com/google/inject/internal/OptionalBinderTest.java,39,31,2,6,1,28,8,2
/core/test/com/google/inject/internal/PackageNameCompressorTest.java,11,9,1,1,1,3,2,5
/core/test/com/google/inject/internal/ProxyFactoryTest.java,2,0,1,1,1,0,0,1
/core/test/com/google/inject/internal/RealElementTest.java,2,0,1,1,1,0,0,1
/core/test/com/google/inject/internal/SpiUtils.java,33,24,1,8,1,24,7,1
/core/test/com/google/inject/internal/UniqueAnnotationsTest.java,2,0,1,1,1,0,0,1
/core/test/com/google/inject/internal/util/ContinuousStopwatchTest.java,2,2,0,0,0,0,2,0
/core/test/com/google/inject/internal/util/LineNumbersTest.java,2,0,1,1,1,0,0,1
/core/test/com/google/inject/internal/WeakKeySetTest.java,32,30,1,1,1,30,0,1
/core/test/com/google/inject/internal/WeakKeySetUtils.java,5,3,1,1,1,3,0,1
/core/test/com/google/inject/Java8LanguageFeatureBindingTest.java,5,3,1,1,1,1,0,3
/core/test/com/google/inject/JitBindingsTest.java,42,40,1,1,1,39,1,1
/core/test/com/google/inject/KeyTest.java,8,4,1,3,1,4,2,1
/core/test/com/google/inject/KotlinSupportDoesNotBreakJavaTest.java,1,0,0,1,0,0,0,1
/core/test/com/google/inject/LoggerInjectionTest.java,1,0,0,1,0,0,0,1
/core/test/com/google/inject/matcher/MatcherTest.java,2,0,1,1,2,0,0,0
/core/test/com/google/inject/MembersInjectorTest.java,11,5,1,5,1,5,3,2
/core/test/com/google/inject/MethodInterceptionTest.java,13,11,1,1,1,9,2,1
/core/test/com/google/inject/ModulesTest.java,5,2,1,2,1,2,1,1
/core/test/com/google/inject/ModuleTest.java,4,3,0,1,1,2,0,1
/core/test/com/google/inject/multibindings/ProvidesIntoTest.java,2,0,1,1,1,0,0,1
/core/test/com/google/inject/name/NamedEquivalanceTest.java,5,3,1,1,1,3,0,1
/core/test/com/google/inject/name/NamesTest.java,2,0,1,1,1,0,0,1
/core/test/com/google/inject/NullableInjectionPointTest.java,4,0,0,4,0,0,3,1
/core/test/com/google/inject/OptionalBindingTest.java,12,9,1,2,1,2,8,1
/core/test/com/google/inject/ParentInjectorTest.java,2,0,1,1,1,0,0,1
/core/test/com/google/inject/PrivateModuleTest.java,18,14,1,3,1,14,2,1
/core/test/com/google/inject/ProviderInjectionTest.java,12,7,1,4,1,7,3,1
/core/test/com/google/inject/ProvisionExceptionsTest.java,7,5,1,1,1,5,0,1
/core/test/com/google/inject/ProvisionExceptionTest.java,11,4,3,4,1,2,6,2
/core/test/com/google/inject/ProvisionListenerTest.java,31,29,1,1,2,28,0,1
/core/test/com/google/inject/ReflectionTest.java,2,0,1,1,1,0,0,1
/core/test/com/google/inject/RequestInjectionTest.java,13,10,2,1,1,10,1,1
/core/test/com/google/inject/RequireAtInjectOnConstructorsTest.java,4,2,1,1,1,2,0,1
/core/test/com/google/inject/RestrictedBindingSourceTest.java,35,34,0,1,0,10,3,22
/core/test/com/google/inject/ScopesTest.java,52,33,1,18,1,27,19,5
/core/test/com/google/inject/SerializationTest.java,2,0,1,1,1,0,0,1
/core/test/com/google/inject/spi/BindingSourceRestrictionTest.java,1,0,0,1,0,0,0,1
/core/test/com/google/inject/spi/BindingTargetVisitorTest.java,2,0,1,1,1,0,0,1
/core/test/com/google/inject/spi/ElementApplyToTest.java,3,1,1,1,1,1,0,1
/core/test/com/google/inject/spi/ElementSourceTest.java,10,7,2,1,0,9,0,1
/core/test/com/google/inject/spi/ElementsTest.java,12,8,1,3,1,6,2,3
/core/test/com/google/inject/spi/FailingBindingScopingVisitor.java,1,0,1,0,1,0,0,0
/core/test/com/google/inject/spi/FailingElementVisitor.java,1,0,1,0,1,0,0,0
/core/test/com/google/inject/spi/FailingTargetVisitor.java,1,0,1,0,1,0,0,0
/core/test/com/google/inject/spi/HasDependenciesTest.java,3,0,1,2,1,0,1,1
/core/test/com/google/inject/spi/InjectionPointTest.java,23,17,3,3,1,15,6,1
/core/test/com/google/inject/spi/InjectorSpiTest.java,21,16,4,1,0,20,0,1
/core/test/com/google/inject/spi/MessageTest.java,2,1,0,1,0,1,0,1
/core/test/com/google/inject/spi/ModuleAnnotatedMethodScannerTest.java,14,11,2,1,1,12,0,1
/core/test/com/google/inject/spi/ModuleRewriterTest.java,9,7,1,1,1,7,0,1
/core/test/com/google/inject/spi/ModuleSourceTest.java,3,0,2,1,0,2,0,1
/core/test/com/google/inject/spi/ProviderMethodsTest.java,27,22,3,2,1,17,6,3
/core/test/com/google/inject/spi/SourcesTest.java,1,0,0,1,0,0,0,1
/core/test/com/google/inject/spi/SpiBindingsTest.java,9,7,1,1,1,7,0,1
/core/test/com/google/inject/spi/ToolStageInjectorTest.java,0,0,0,0,0,0,0,0
/core/test/com/google/inject/SuiteUtils.java,1,0,1,0,1,0,0,0
/core/test/com/google/inject/SuperclassTest.java,2,0,1,1,1,0,0,1
/core/test/com/google/inject/TypeConversionTest.java,2,0,1,1,1,0,0,1
/core/test/com/google/inject/TypeListenerTest.java,21,18,1,2,1,17,1,2
/core/test/com/google/inject/TypeLiteralInjectionTest.java,3,1,1,1,1,0,1,1
/core/test/com/google/inject/TypeLiteralTest.java,10,6,2,2,1,7,1,1
/core/test/com/google/inject/TypeLiteralTypeResolutionTest.java,8,5,1,2,1,4,1,2
/core/test/com/google/inject/util/EnhancedTest.java,4,4,0,0,0,4,0,0
/core/test/com/google/inject/util/NoopOverrideTest.java,2,0,1,1,1,0,0,1
/core/test/com/google/inject/util/OverrideModuleTest.java,7,5,1,1,1,5,0,1
/core/test/com/google/inject/util/ProvidersTest.java,2,0,1,1,1,0,0,1
/core/test/com/google/inject/util/TypesTest.java,9,6,1,2,1,5,2,1
/core/test/com/googlecode/guice/bundle/OSGiTestActivator.java,13,11,1,1,1,6,4,2
/core/test/com/googlecode/guice/BytecodeGenTest.java,44,35,3,6,1,34,7,2
/core/test/com/googlecode/guice/GuiceJakartaTck.java,1,0,1,0,1,0,0,0
/core/test/com/googlecode/guice/JakartaTest.java,29,28,1,0,1,1,0,27
/core/test/com/googlecode/guice/OSGiContainerTest.java,20,18,1,1,2,11,4,3
/core/test/com/googlecode/guice/PackageVisibilityTestModule.java,0,0,0,0,0,0,0,0
/examples/guice-demo/src/main/java/com/example/App.java,1,0,0,1,0,0,0,1
/examples/guice-demo/src/main/java/com/example/Printer.java,1,0,0,1,0,0,0,1
/examples/guice-demo/src/test/java/com/example/AppTest.java,1,0,0,1,0,0,0,1
/extensions/assistedinject/src/com/google/inject/assistedinject/Assisted.java,3,0,1,2,1,1,0,1
/extensions/assistedinject/src/com/google/inject/assistedinject/AssistedConstructor.java,6,1,1,4,1,1,3,1
/extensions/assistedinject/src/com/google/inject/assistedinject/AssistedInject.java,2,0,1,1,1,0,0,1
/extensions/assistedinject/src/com/google/inject/assistedinject/AssistedInjectBinding.java,4,0,1,3,1,0,2,1
/extensions/assistedinject/src/com/google/inject/assistedinject/AssistedInjectTargetVisitor.java,3,0,1,2,1,0,1,1
/extensions/assistedinject/src/com/google/inject/assistedinject/AssistedMethod.java,6,0,1,5,1,0,4,1
/extensions/assistedinject/src/com/google/inject/assistedinject/BindingCollector.java,2,0,1,1,1,0,0,1
/extensions/assistedinject/src/com/google/inject/assistedinject/FactoryModuleBuilder.java,19,0,1,18,1,0,17,1
/extensions/assistedinject/src/com/google/inject/assistedinject/FactoryProvider.java,11,7,3,1,1,8,0,2
/extensions/assistedinject/src/com/google/inject/assistedinject/FactoryProvider2.java,123,86,2,35,1,80,39,3
/extensions/assistedinject/src/com/google/inject/assistedinject/internal/LookupTester.java,1,0,0,1,0,0,0,1
/extensions/assistedinject/src/com/google/inject/assistedinject/package-info.java,2,0,1,1,1,0,0,1
/extensions/assistedinject/src/com/google/inject/assistedinject/Parameter.java,7,2,1,4,1,2,3,1
/extensions/assistedinject/src/com/google/inject/assistedinject/ParameterListKey.java,2,0,1,1,1,0,0,1
/extensions/assistedinject/test/com/google/inject/assistedinject/ExtensionSpiTest.java,3,1,1,1,1,1,0,1
/extensions/assistedinject/test/com/google/inject/assistedinject/FactoryModuleBuilderTest.java,6,5,1,0,1,5,0,0
/extensions/assistedinject/test/com/google/inject/assistedinject/FactoryProvider2Test.java,7,5,1,1,1,4,2,0
/extensions/assistedinject/test/com/google/inject/assistedinject/FactoryProviderTest.java,2,0,1,1,1,0,0,1
/extensions/assistedinject/test/com/google/inject/assistedinject/ManyConstructorsTest.java,2,0,1,1,1,0,0,1
/extensions/assistedinject/test/com/google/inject/assistedinject/StaticInterfaceMethodsTest.java,2,0,1,1,1,0,0,1
/extensions/assistedinject/test/com/google/inject/assistedinject/subpkg/SubpackageTest.java,5,4,0,1,0,4,0,1
/extensions/assistedinject/test/com/google/inject/assistedinject/subpkg/SubpackageTestPrivateFallbackOnly.java,2,1,0,1,0,1,0,1
/extensions/dagger-adapter/src/com/google/inject/daggeradapter/Annotations.java,2,0,1,1,1,0,0,1
/extensions/dagger-adapter/src/com/google/inject/daggeradapter/DaggerAdapter.java,23,14,1,8,1,14,7,1
/extensions/dagger-adapter/src/com/google/inject/daggeradapter/DaggerMethodScanner.java,6,4,1,1,1,2,2,1
/extensions/dagger-adapter/src/com/google/inject/daggeradapter/Keys.java,2,0,1,1,1,0,0,1
/extensions/dagger-adapter/src/com/google/inject/daggeradapter/SupportedAnnotations.java,4,1,0,3,0,1,2,1
/extensions/dagger-adapter/test/com/google/inject/daggeradapter/BindingSubject.java,2,1,1,0,1,0,0,1
/extensions/dagger-adapter/test/com/google/inject/daggeradapter/BindsTest.java,2,0,1,1,2,0,0,0
/extensions/dagger-adapter/test/com/google/inject/daggeradapter/DaggerAdapterTest.java,6,4,1,1,2,3,0,1
/extensions/dagger-adapter/test/com/google/inject/daggeradapter/IntoMapTest.java,3,1,1,1,2,1,0,0
/extensions/dagger-adapter/test/com/google/inject/daggeradapter/ModuleIncludesTest.java,5,3,1,1,2,0,1,2
/extensions/dagger-adapter/test/com/google/inject/daggeradapter/ModuleSubcomponentsTest.java,2,0,1,1,2,0,0,0
/extensions/dagger-adapter/test/com/google/inject/daggeradapter/MultibindsTest.java,2,0,1,1,2,0,0,0
/extensions/dagger-adapter/test/com/google/inject/daggeradapter/OptionalBindingsTest.java,2,0,1,1,2,0,0,0
/extensions/grapher/src/com/google/inject/grapher/AbstractInjectorGrapher.java,13,1,1,11,1,1,10,1
/extensions/grapher/src/com/google/inject/grapher/Alias.java,2,0,1,1,1,0,0,1
/extensions/grapher/src/com/google/inject/grapher/AliasCreator.java,3,0,1,2,1,0,1,1
/extensions/grapher/src/com/google/inject/grapher/BindingEdge.java,6,0,1,5,1,3,1,1
/extensions/grapher/src/com/google/inject/grapher/DefaultEdgeCreator.java,11,0,1,10,1,0,9,1
/extensions/grapher/src/com/google/inject/grapher/DefaultNodeCreator.java,9,0,1,8,1,0,7,1
/extensions/grapher/src/com/google/inject/grapher/DefaultRootKeySetCreator.java,2,0,1,1,1,0,0,1
/extensions/grapher/src/com/google/inject/grapher/DependencyEdge.java,3,0,1,2,1,0,1,1
/extensions/grapher/src/com/google/inject/grapher/Edge.java,3,0,1,2,1,0,1,1
/extensions/grapher/src/com/google/inject/grapher/EdgeCreator.java,3,0,1,2,1,0,1,1
/extensions/grapher/src/com/google/inject/grapher/graphviz/ArrowType.java,2,0,1,1,1,0,0,1
/extensions/grapher/src/com/google/inject/grapher/graphviz/CompassPoint.java,3,0,1,2,1,1,0,1
/extensions/grapher/src/com/google/inject/grapher/graphviz/EdgeStyle.java,2,0,1,1,1,0,0,1
/extensions/grapher/src/com/google/inject/grapher/graphviz/Graphviz.java,2,0,1,1,1,0,0,1
/extensions/grapher/src/com/google/inject/grapher/graphviz/GraphvizEdge.java,4,0,1,3,1,0,2,1
/extensions/grapher/src/com/google/inject/grapher/graphviz/GraphvizGrapher.java,7,3,1,3,1,3,2,1
/extensions/grapher/src/com/google/inject/grapher/graphviz/GraphvizModule.java,2,0,1,1,1,0,0,1
/extensions/grapher/src/com/google/inject/grapher/graphviz/GraphvizNode.java,7,0,1,6,1,0,5,1
/extensions/grapher/src/com/google/inject/grapher/graphviz/NodeShape.java,2,0,1,1,1,0,0,1
/extensions/grapher/src/com/google/inject/grapher/graphviz/NodeStyle.java,2,0,1,1,1,0,0,1
/extensions/grapher/src/com/google/inject/grapher/graphviz/PortIdFactory.java,2,0,1,1,1,0,0,1
/extensions/grapher/src/com/google/inject/grapher/graphviz/PortIdFactoryImpl.java,2,0,1,1,1,0,0,1
/extensions/grapher/src/com/google/inject/grapher/ImplementationNode.java,2,0,1,1,1,0,0,1
/extensions/grapher/src/com/google/inject/grapher/InjectorGrapher.java,4,0,1,3,1,0,2,1
/extensions/grapher/src/com/google/inject/grapher/InstanceNode.java,2,0,1,1,1,0,0,1
/extensions/grapher/src/com/google/inject/grapher/InterfaceNode.java,2,0,1,1,1,0,0,1
/extensions/grapher/src/com/google/inject/grapher/NameFactory.java,2,0,1,1,1,0,0,1
/extensions/grapher/src/com/google/inject/grapher/Node.java,4,0,1,3,1,0,2,1
/extensions/grapher/src/com/google/inject/grapher/NodeCreator.java,3,0,1,2,1,0,1,1
/extensions/grapher/src/com/google/inject/grapher/NodeId.java,5,0,1,4,1,2,1,1
/extensions/grapher/src/com/google/inject/grapher/ProviderAliasCreator.java,2,0,1,1,1,0,0,1
/extensions/grapher/src/com/google/inject/grapher/RootKeySetCreator.java,3,0,1,2,1,0,1,1
/extensions/grapher/src/com/google/inject/grapher/ShortNameFactory.java,5,0,2,3,1,1,2,1
/extensions/grapher/src/com/google/inject/grapher/TransitiveDependencyVisitor.java,3,0,1,2,1,0,1,1
/extensions/grapher/test/com/google/inject/grapher/AbstractInjectorGrapherTest.java,2,0,1,1,2,0,0,0
/extensions/grapher/test/com/google/inject/grapher/AllTests.java,2,0,1,1,1,0,0,1
/extensions/grapher/test/com/google/inject/grapher/demo/AssistedInjectModule.java,2,0,1,1,1,0,0,1
/extensions/grapher/test/com/google/inject/grapher/demo/BackToTheFutureModule.java,2,0,1,1,1,0,0,1
/extensions/grapher/test/com/google/inject/grapher/demo/DanceParty.java,1,0,1,0,1,0,0,0
/extensions/grapher/test/com/google/inject/grapher/demo/DancePartyFactory.java,2,0,1,1,1,0,0,1
/extensions/grapher/test/com/google/inject/grapher/demo/DancePartyImpl.java,1,0,1,0,1,0,0,0
/extensions/grapher/test/com/google/inject/grapher/demo/DeLorian.java,3,2,1,0,1,0,1,1
/extensions/grapher/test/com/google/inject/grapher/demo/DocBrown.java,2,1,1,0,1,0,1,0
/extensions/grapher/test/com/google/inject/grapher/demo/Driver.java,1,0,1,0,1,0,0,0
/extensions/grapher/test/com/google/inject/grapher/demo/EnergySource.java,1,0,1,0,1,0,0,0
/extensions/grapher/test/com/google/inject/grapher/demo/EnergySourceProvider.java,2,1,1,0,1,0,1,0
/extensions/grapher/test/com/google/inject/grapher/demo/FluxCapacitor.java,1,0,1,0,1,0,0,0
/extensions/grapher/test/com/google/inject/grapher/demo/InjectorGrapherDemo.java,3,1,1,1,1,1,0,1
/extensions/grapher/test/com/google/inject/grapher/demo/Inventor.java,1,0,1,0,1,0,0,0
/extensions/grapher/test/com/google/inject/grapher/demo/Lightning.java,1,0,1,0,1,0,0,0
/extensions/grapher/test/com/google/inject/grapher/demo/MartyMcFly.java,1,0,1,0,1,0,0,0
/extensions/grapher/test/com/google/inject/grapher/demo/MultibinderModule.java,2,0,1,1,1,0,0,1
/extensions/grapher/test/com/google/inject/grapher/demo/Nuclear.java,1,0,1,0,1,0,0,0
/extensions/grapher/test/com/google/inject/grapher/demo/Person.java,1,0,1,0,1,0,0,0
/extensions/grapher/test/com/google/inject/grapher/demo/PinballParts.java,3,2,1,0,1,0,1,1
/extensions/grapher/test/com/google/inject/grapher/demo/Plutonium.java,1,0,1,0,1,0,0,0
/extensions/grapher/test/com/google/inject/grapher/demo/PlutoniumProvider.java,1,0,1,0,1,0,0,0
/extensions/grapher/test/com/google/inject/grapher/demo/PrivateTestModule.java,2,0,1,1,1,0,0,1
/extensions/grapher/test/com/google/inject/grapher/demo/Renewable.java,1,0,1,0,1,0,0,0
/extensions/grapher/test/com/google/inject/grapher/demo/Used.java,1,0,1,0,1,0,0,0
/extensions/grapher/test/com/google/inject/grapher/ShortNameFactoryTest.java,4,1,1,2,1,0,2,1
/extensions/grapher/test/com/google/inject/grapher/TransitiveDependencyVisitorTest.java,8,6,1,1,1,6,0,1
/extensions/jmx/src/com/google/inject/tools/jmx/ManagedBinding.java,1,0,1,0,1,0,0,0
/extensions/jmx/src/com/google/inject/tools/jmx/ManagedBindingMBean.java,5,0,1,4,1,0,3,1
/extensions/jmx/src/com/google/inject/tools/jmx/Manager.java,10,5,1,4,1,5,3,1
/extensions/jmx/src/com/google/inject/tools/jmx/package-info.java,2,0,1,1,1,0,0,1
/extensions/jmx/test/com/google/inject/tools/jmx/JmxTest.java,3,1,1,1,1,1,0,1
/extensions/jndi/src/com/google/inject/jndi/JndiIntegration.java,3,0,1,2,1,0,1,1
/extensions/jndi/src/com/google/inject/jndi/package-info.java,2,0,1,1,1,0,0,1
/extensions/persist/src/com/google/inject/persist/finder/DynamicFinder.java,3,0,1,2,1,0,1,1
/extensions/persist/src/com/google/inject/persist/finder/Finder.java,6,1,1,4,1,4,0,1
/extensions/persist/src/com/google/inject/persist/finder/FirstResult.java,2,0,1,1,1,0,0,1
/extensions/persist/src/com/google/inject/persist/finder/MaxResults.java,2,0,1,1,1,0,0,1
/extensions/persist/src/com/google/inject/persist/finder/package-info.java,2,0,1,1,1,0,0,1
/extensions/persist/src/com/google/inject/persist/jpa/Jpa.java,2,0,1,1,1,0,0,1
/extensions/persist/src/com/google/inject/persist/jpa/JpaFinderProxy.java,26,22,1,3,1,20,4,1
/extensions/persist/src/com/google/inject/persist/jpa/JpaLocalTxnInterceptor.java,24,21,1,2,1,18,4,1
/extensions/persist/src/com/google/inject/persist/jpa/JpaPersistModule.java,9,5,1,3,1,5,2,1
/extensions/persist/src/com/google/inject/persist/jpa/JpaPersistOptions.java,6,0,1,5,1,0,4,1
/extensions/persist/src/com/google/inject/persist/jpa/JpaPersistService.java,3,1,1,1,1,1,0,1
/extensions/persist/src/com/google/inject/persist/jpa/package-info.java,2,0,1,1,1,0,0,1
/extensions/persist/src/com/google/inject/persist/package-info.java,2,0,1,1,1,0,0,1
/extensions/persist/src/com/google/inject/persist/PersistFilter.java,2,0,1,1,1,0,0,1
/extensions/persist/src/com/google/inject/persist/PersistModule.java,4,2,1,1,1,2,0,1
/extensions/persist/src/com/google/inject/persist/PersistService.java,4,0,1,3,1,0,2,1
/extensions/persist/src/com/google/inject/persist/Transactional.java,4,0,1,3,1,2,0,1
/extensions/persist/src/com/google/inject/persist/UnitOfWork.java,4,0,1,3,1,0,2,1
/extensions/persist/test/com/google/inject/persist/AllTests.java,2,0,1,1,1,0,0,1
/extensions/persist/test/com/google/inject/persist/EdslTest.java,1,0,0,1,0,0,0,1
/extensions/persist/test/com/google/inject/persist/jpa/ClassLevelManagedLocalTransactionsTest.java,11,9,1,1,2,9,0,0
/extensions/persist/test/com/google/inject/persist/jpa/CustomPropsEntityManagerFactoryProvisionTest.java,4,2,1,1,2,2,0,0
/extensions/persist/test/com/google/inject/persist/jpa/DynamicFinderTest.java,5,3,1,1,2,3,0,0
/extensions/persist/test/com/google/inject/persist/jpa/EnsureJpaCanTakeObjectsInPropertiesTest.java,3,2,0,1,1,2,0,0
/extensions/persist/test/com/google/inject/persist/jpa/EntityManagerFactoryProvisionTest.java,4,2,1,1,2,2,0,0
/extensions/persist/test/com/google/inject/persist/jpa/EntityManagerPerRequestProvisionTest.java,11,9,1,1,2,9,0,0
/extensions/persist/test/com/google/inject/persist/jpa/EntityManagerProvisionTest.java,9,7,1,1,2,7,0,0
/extensions/persist/test/com/google/inject/persist/jpa/JoiningLocalTransactionsTest.java,8,6,1,1,2,5,1,0
/extensions/persist/test/com/google/inject/persist/jpa/JpaParentTestEntity.java,2,0,1,1,1,0,0,1
/extensions/persist/test/com/google/inject/persist/jpa/JpaPersistServiceTest.java,2,1,1,0,1,1,0,0
/extensions/persist/test/com/google/inject/persist/jpa/JpaTestEntity.java,2,0,1,1,1,0,0,1
/extensions/persist/test/com/google/inject/persist/jpa/JpaWorkManagerTest.java,7,5,1,1,2,5,0,0
/extensions/persist/test/com/google/inject/persist/jpa/ManagedLocalTransactionsAcrossRequestTest.java,9,7,1,1,2,7,0,0
/extensions/persist/test/com/google/inject/persist/jpa/ManagedLocalTransactionsTest.java,8,6,1,1,2,6,0,0
/extensions/persist/test/com/google/inject/persist/jpa/ManualLocalTransactionsConfidenceTest.java,3,1,1,1,2,1,0,0
/extensions/persist/test/com/google/inject/persist/jpa/ManualLocalTransactionsTest.java,6,4,1,1,2,4,0,0
/extensions/persist/test/com/google/inject/persist/jpa/ManualLocalTransactionsWithCustomMatcherTest.java,6,4,1,1,2,4,0,0
/extensions/persist/test/com/google/inject/persist/jpa/TrackedEntityManagerFactory.java,1,0,0,1,0,0,0,1
/extensions/servlet/src/com/google/inject/servlet/AbstractServletModuleBinding.java,2,0,1,1,1,0,0,1
/extensions/servlet/src/com/google/inject/servlet/ContinuingHttpServletRequest.java,10,8,1,1,1,7,1,1
/extensions/servlet/src/com/google/inject/servlet/DefaultFilterPipeline.java,2,0,1,1,1,0,0,1
/extensions/servlet/src/com/google/inject/servlet/FilterChainInvocation.java,14,10,1,3,1,8,4,1
/extensions/servlet/src/com/google/inject/servlet/FilterDefinition.java,15,13,1,1,1,10,3,1
/extensions/servlet/src/com/google/inject/servlet/FilterPipeline.java,2,0,1,1,1,0,0,1
/extensions/servlet/src/com/google/inject/servlet/FiltersModuleBuilder.java,4,2,1,1,1,1,1,1
/extensions/servlet/src/com/google/inject/servlet/GuiceFilter.java,19,15,1,3,1,11,6,1
/extensions/servlet/src/com/google/inject/servlet/GuiceServletContextListener.java,5,2,1,2,1,2,1,1
/extensions/servlet/src/com/google/inject/servlet/InstanceFilterBinding.java,3,0,1,2,1,0,1,1
/extensions/servlet/src/com/google/inject/servlet/InstanceFilterBindingImpl.java,2,0,1,1,1,0,0,1
/extensions/servlet/src/com/google/inject/servlet/InstanceServletBinding.java,3,0,1,2,1,0,1,1
/extensions/servlet/src/com/google/inject/servlet/InstanceServletBindingImpl.java,2,0,1,1,1,0,0,1
/extensions/servlet/src/com/google/inject/servlet/InternalServletModule.java,9,6,1,2,1,5,2,1
/extensions/servlet/src/com/google/inject/servlet/LinkedFilterBinding.java,3,0,1,2,1,0,1,1
/extensions/servlet/src/com/google/inject/servlet/LinkedFilterBindingImpl.java,2,0,1,1,1,0,0,1
/extensions/servlet/src/com/google/inject/servlet/LinkedServletBinding.java,3,0,1,2,1,0,1,1
/extensions/servlet/src/com/google/inject/servlet/LinkedServletBindingImpl.java,2,0,1,1,1,0,0,1
/extensions/servlet/src/com/google/inject/servlet/ManagedFilterPipeline.java,20,16,1,3,1,14,4,1
/extensions/servlet/src/com/google/inject/servlet/ManagedServletPipeline.java,19,14,1,4,1,13,4,1
/extensions/servlet/src/com/google/inject/servlet/package-info.java,2,0,1,1,1,0,0,1
/extensions/servlet/src/com/google/inject/servlet/RequestParameters.java,2,0,1,1,1,0,0,1
/extensions/servlet/src/com/google/inject/servlet/RequestScoped.java,2,0,1,1,1,0,0,1
/extensions/servlet/src/com/google/inject/servlet/RequestScoper.java,3,0,0,3,0,0,2,1
/extensions/servlet/src/com/google/inject/servlet/ScopingException.java,2,0,1,1,1,0,0,1
/extensions/servlet/src/com/google/inject/servlet/ScopingOnly.java,2,0,1,1,1,0,0,1
/extensions/servlet/src/com/google/inject/servlet/ServletDefinition.java,28,24,1,3,1,22,4,1
/extensions/servlet/src/com/google/inject/servlet/ServletModule.java,20,2,1,17,1,2,16,1
/extensions/servlet/src/com/google/inject/servlet/ServletModuleBinding.java,6,0,1,5,1,0,4,1
/extensions/servlet/src/com/google/inject/servlet/ServletModuleTargetVisitor.java,6,0,1,5,1,0,4,1
/extensions/servlet/src/com/google/inject/servlet/ServletScopes.java,34,20,1,13,1,19,13,1
/extensions/servlet/src/com/google/inject/servlet/ServletsModuleBuilder.java,4,2,1,1,1,0,2,1
/extensions/servlet/src/com/google/inject/servlet/ServletUtils.java,26,20,1,5,1,19,4,2
/extensions/servlet/src/com/google/inject/servlet/SessionScoped.java,2,0,1,1,1,0,0,1
/extensions/servlet/src/com/google/inject/servlet/UriPatternMatcher.java,6,0,1,5,1,0,4,1
/extensions/servlet/src/com/google/inject/servlet/UriPatternType.java,12,8,1,3,1,10,0,1
/extensions/servlet/test/com/google/inject/servlet/AllTests.java,7,5,1,1,1,5,0,1
/extensions/servlet/test/com/google/inject/servlet/ContextPathTest.java,56,54,1,1,1,26,6,23
/extensions/servlet/test/com/google/inject/servlet/ContinuingHttpServletRequestTest.java,6,5,1,0,1,5,0,0
/extensions/servlet/test/com/google/inject/servlet/ContinuingRequestIntegrationTest.java,7,5,1,1,2,5,0,0
/extensions/servlet/test/com/google/inject/servlet/DummyFilterImpl.java,2,0,1,1,1,0,0,1
/extensions/servlet/test/com/google/inject/servlet/DummyServlet.java,2,0,1,1,1,0,0,1
/extensions/servlet/test/com/google/inject/servlet/EdslTest.java,4,2,1,1,1,2,0,1
/extensions/servlet/test/com/google/inject/servlet/ExtensionSpiTest.java,3,1,1,1,1,1,0,1
/extensions/servlet/test/com/google/inject/servlet/FilterDefinitionTest.java,11,10,0,1,0,9,1,1
/extensions/servlet/test/com/google/inject/servlet/FilterDispatchIntegrationTest.java,16,13,1,2,1,13,1,1
/extensions/servlet/test/com/google/inject/servlet/FilterPipelineTest.java,6,5,0,1,0,5,0,1
/extensions/servlet/test/com/google/inject/servlet/InjectedFilterPipelineTest.java,17,16,0,1,0,16,0,1
/extensions/servlet/test/com/google/inject/servlet/InvalidScopeBindingTest.java,3,2,0,1,0,2,0,1
/extensions/servlet/test/com/google/inject/servlet/MultiModuleDispatchIntegrationTest.java,5,4,0,1,0,4,0,1
/extensions/servlet/test/com/google/inject/servlet/MultipleServletInjectorsTest.java,10,8,1,1,1,8,0,1
/extensions/servlet/test/com/google/inject/servlet/ScopeRequestIntegrationTest.java,9,7,1,1,2,7,0,0
/extensions/servlet/test/com/google/inject/servlet/ServletDefinitionPathsTest.java,23,21,1,1,1,17,4,1
/extensions/servlet/test/com/google/inject/servlet/ServletDefinitionTest.java,6,4,1,1,1,4,0,1
/extensions/servlet/test/com/google/inject/servlet/ServletDispatchIntegrationTest.java,13,11,1,1,1,10,1,1
/extensions/servlet/test/com/google/inject/servlet/ServletModuleTest.java,6,4,1,1,1,4,0,1
/extensions/servlet/test/com/google/inject/servlet/ServletPipelineRequestDispatcherTest.java,6,4,1,1,1,3,1,1
/extensions/servlet/test/com/google/inject/servlet/ServletScopesTest.java,6,4,1,1,1,4,0,1
/extensions/servlet/test/com/google/inject/servlet/ServletSpiVisitor.java,5,2,2,1,1,2,1,1
/extensions/servlet/test/com/google/inject/servlet/ServletTest.java,6,4,1,1,1,4,0,1
/extensions/servlet/test/com/google/inject/servlet/ServletTestUtils.java,6,1,0,5,1,0,4,1
/extensions/servlet/test/com/google/inject/servlet/ServletUtilsTest.java,5,4,0,1,1,3,0,1
/extensions/servlet/test/com/google/inject/servlet/TransferRequestIntegrationTest.java,3,1,1,1,3,0,0,0
/extensions/servlet/test/com/google/inject/servlet/UriPatternTypeTest.java,1,0,1,0,1,0,0,0
/extensions/servlet/test/com/google/inject/servlet/VarargsFilterDispatchIntegrationTest.java,11,10,0,1,0,10,0,1
/extensions/servlet/test/com/google/inject/servlet/VarargsServletDispatchIntegrationTest.java,11,9,1,1,1,9,0,1
/extensions/spring/src/com/google/inject/spring/package-info.java,2,0,1,1,1,0,0,1
/extensions/spring/src/com/google/inject/spring/SpringIntegration.java,4,0,1,3,1,0,2,1
/extensions/spring/test/com/google/inject/spring/SpringIntegrationTest.java,2,0,1,1,1,0,0,1
/extensions/struts2/example/src/com/google/inject/struts2/example/Count.java,1,0,1,0,1,0,0,0
/extensions/struts2/example/src/com/google/inject/struts2/example/Counter.java,3,0,1,2,1,0,1,1
/extensions/struts2/example/src/com/google/inject/struts2/example/ExampleListener.java,4,2,1,1,1,2,0,1
/extensions/struts2/example/src/com/google/inject/struts2/example/Main.java,2,0,1,1,1,0,0,1
/extensions/struts2/example/src/com/google/inject/struts2/example/Service.java,0,0,0,0,0,0,0,0
/extensions/struts2/example/src/com/google/inject/struts2/example/ServiceImpl.java,0,0,0,0,0,0,0,0
/extensions/struts2/src/com/google/inject/struts2/GuiceObjectFactory.java,22,19,1,2,1,19,1,1
/extensions/struts2/src/com/google/inject/struts2/Struts2Factory.java,20,17,1,2,1,17,1,1
/extensions/struts2/src/com/google/inject/struts2/Struts2GuicePluginModule.java,2,0,1,1,1,0,0,1
/extensions/struts2/test/com/google/inject/struts2/Struts2FactoryTest.java,3,1,1,1,1,1,0,1
/extensions/testlib/src/com/google/inject/testing/fieldbinder/Bind.java,4,0,1,3,1,2,0,1
/extensions/testlib/src/com/google/inject/testing/fieldbinder/BoundFieldModule.java,34,16,1,17,1,15,16,2
/extensions/testlib/src/com/google/inject/testing/throwingproviders/CheckedProviderSubject.java,4,0,1,3,0,0,2,2
/extensions/testlib/test/com/google/inject/testing/fieldbinder/BoundFieldModuleTest.java,8,6,1,1,1,6,0,1
/extensions/testlib/test/com/google/inject/testing/fieldbinder/TestPermit.java,1,0,0,1,0,0,0,1
/extensions/testlib/test/com/google/inject/testing/throwingproviders/CheckedProviderSubjectTest.java,1,0,0,1,0,0,0,1
/extensions/throwingproviders/src/com/google/inject/throwingproviders/CheckedProvider.java,2,0,1,1,1,0,0,1
/extensions/throwingproviders/src/com/google/inject/throwingproviders/CheckedProviderMethod.java,6,4,1,1,1,4,0,1
/extensions/throwingproviders/src/com/google/inject/throwingproviders/CheckedProviderMethodsModule.java,11,7,1,3,1,7,2,1
/extensions/throwingproviders/src/com/google/inject/throwingproviders/CheckedProviders.java,16,11,0,5,0,11,4,1
/extensions/throwingproviders/src/com/google/inject/throwingproviders/CheckedProviderWithDependencies.java,2,0,1,1,1,0,0,1
/extensions/throwingproviders/src/com/google/inject/throwingproviders/CheckedProvides.java,5,1,1,3,1,3,0,1
/extensions/throwingproviders/src/com/google/inject/throwingproviders/CheckedProvideUtils.java,8,5,1,2,1,5,1,1
/extensions/throwingproviders/src/com/google/inject/throwingproviders/package-info.java,2,0,1,1,1,0,0,1
/extensions/throwingproviders/src/com/google/inject/throwingproviders/ProviderChecker.java,6,5,0,1,0,5,0,1
/extensions/throwingproviders/src/com/google/inject/throwingproviders/ThrowingInject.java,2,0,1,1,1,0,0,1
/extensions/throwingproviders/src/com/google/inject/throwingproviders/ThrowingProvider.java,2,0,1,1,1,0,0,1
/extensions/throwingproviders/src/com/google/inject/throwingproviders/ThrowingProviderBinder.java,31,19,1,11,1,19,10,1
/extensions/throwingproviders/test/com/google/inject/throwingproviders/CheckedProviderMethodsModuleTest.java,3,1,1,1,1,1,0,1
/extensions/throwingproviders/test/com/google/inject/throwingproviders/CheckedProvidersTest.java,3,2,0,1,0,2,0,1
/extensions/throwingproviders/test/com/google/inject/throwingproviders/CheckedProviderTest.java,19,17,1,1,1,16,1,1
/extensions/throwingproviders/test/com/google/inject/throwingproviders/TestScope.java,2,0,1,1,1,0,0,1
/extensions/throwingproviders/test/com/google/inject/throwingproviders/ThrowingProviderTest.java,9,7,1,1,1,7,0,1
/tools/OsgiWrapper.java,1,0,0,1,0,0,0,1
